gene,score,validation,label
A2M,0.45373482,False,1
A4GALT,0.5357212,False,0
AADACL2-AS1,0.5222055,False,0
AATK,0.47945416,False,0
ABCA1,0.46155432,True,1
ABCA10,0.46621364,False,0
ABCA2,0.48968604,False,1
ABCA6,0.48666742,False,0
ABCA9,0.48756707,False,0
ABCB1,0.50613636,False,0
ABCB4,0.50613636,False,0
ABCC4,0.4438095,False,0
ABHD3,0.49378338,False,0
ABI3BP,0.49994272,False,0
ABLIM1,0.47485822,False,0
ABO,0.5167727,False,0
ABR,0.46237755,False,0
ACACB,0.44892734,True,0
ACAN,0.5014869,False,1
ACER2,0.44704708,False,0
ACKR1,0.43161297,False,0
ACSBG1,0.5311451,False,0
ACSL5,0.41923833,False,0
ACSM5,0.49156561,False,0
ACSS3,0.54481024,False,0
ACVR1,0.46395072,False,0
ACVR1C,0.47812942,False,0
ACVRL1,0.43815514,False,0
ADA,0.47606495,False,0
ADAM12,0.5072091,False,1
ADAMTS1,0.42609107,True,0
ADAMTS15,0.49372706,False,0
ADAMTS17,0.50613636,False,0
ADAMTS18,0.5262379,False,0
ADAMTS3,0.48347571,False,0
ADAMTS4,0.48216414,False,0
ADAMTS6,0.4566784,False,0
ADAMTS9,0.44377938,False,0
ADAMTS9-AS1,0.43085015,True,0
ADAMTS9-AS2,0.44066805,False,0
ADAMTSL1,0.46621364,False,0
ADAMTSL2,0.52870667,False,0
ADAMTSL3,0.49623945,False,0
ADAMTSL4,0.47945416,True,0
ADARB2-AS1,0.5708758,True,0
ADCY10P1,0.53072506,False,0
ADCY2,0.45739746,False,0
ADCY8,0.47386166,False,0
ADGRD1,0.5429562,False,0
ADGRE2,0.48216414,False,0
ADGRE5,0.49372706,False,0
ADGRF5,0.43702662,False,0
ADGRG1,0.4342432,False,0
ADGRG2,0.51485074,True,0
ADGRG6,0.47277778,False,0
ADGRL2,0.45345634,False,0
ADGRL4,0.4669593,True,0
ADIPOR2,0.46379253,False,0
ADIRF,0.48968604,False,0
ADM,0.44114846,False,0
ADPGK,0.48505685,False,0
ADRA1A,0.5326362,False,0
ADRA1B,0.5444967,True,0
ADRB2,0.5055685,False,1
AEBP1,0.51485074,False,0
AFAP1L1,0.43188125,False,0
AFAP1L2,0.4361986,False,0
AGA,0.50796235,False,0
AGBL1,0.48968604,False,0
AGMO,0.5326362,False,0
AGTRAP,0.5100398,False,0
AHCYL1,0.52043146,False,0
AHCYL2,0.4957252,False,0
AHNAK,0.44973448,False,0
AIDA,0.46406987,False,0
AIF1L,0.44775474,False,0
AKAP12,0.44471052,False,0
AKAP13,0.4732977,False,0
AKNA,0.49511954,False,0
ALDH3B1,0.51485074,False,0
ALK,0.5135046,True,0
ALOX5,0.48135927,False,1
ALPK1,0.44391733,False,0
ALPL,0.456242,True,0
AMER2,0.4991077,False,0
AMOT,0.52043146,True,0
AMOTL1,0.44085854,False,0
AMOTL2,0.53054005,False,0
AMZ2,0.48135927,False,0
ANGPT1,0.5102213,False,0
ANGPT2,0.46811152,True,0
ANGPTL4,0.4475541,True,0
ANK1,0.4804995,True,0
ANKFN1,0.5102213,False,0
ANKRD20A11P,0.5122316,False,0
ANKRD37,0.49068126,True,0
ANKRD44,0.44348183,False,0
ANKS1A,0.46858373,False,0
ANO2,0.50713795,False,0
ANO3,0.49212226,False,0
ANO4,0.46621364,False,0
ANO6,0.44980145,False,0
ANP32AP1,0.47945416,False,0
ANTXR2,0.50796235,False,0
ANXA1,0.4664602,True,0
ANXA2,0.43073156,False,0
ANXA3,0.44678745,False,0
ANXA5,0.42801812,False,0
APAF1,0.48216414,False,0
APCDD1,0.46278173,False,0
APCDD1L,0.5014869,False,0
APLF,0.48505685,False,0
APLN,0.46185628,False,0
APOBEC2,0.48505685,False,0
APOD,0.5357212,True,1
APOL3,0.48135927,False,0
APOL6,0.47086617,True,0
APOLD1,0.42744422,False,0
AQP1,0.48216414,False,0
AQP4,0.48815608,False,0
AQP4-AS1,0.49372706,False,0
AR,0.5216855,True,1
ARHGAP10,0.5326362,False,0
ARHGAP15,0.48640424,False,0
ARHGAP18,0.4476627,True,0
ARHGAP22,0.5022101,True,0
ARHGAP24,0.53280896,False,0
ARHGAP26,0.49319327,False,0
ARHGAP26-AS1,0.49843284,False,0
ARHGAP27,0.4635186,False,0
ARHGAP29,0.43679312,True,0
ARHGAP31,0.43409866,False,0
ARHGAP4,0.49591336,True,0
ARHGAP6,0.47627017,False,0
ARHGDIB,0.4701703,False,0
ARHGEF1,0.48135927,False,0
ARHGEF10L,0.48775366,False,0
ARHGEF28,0.44972116,False,0
ARHGEF38,0.46621364,False,0
ARHGEF6,0.49899176,False,0
ARID3A,0.5072091,False,0
ARID5A,0.43645808,False,0
ARL15,0.49295208,False,0
ARL5A,0.5014869,False,0
ARMC3,0.49843284,False,0
ARRB2,0.5055685,False,0
ARRDC2,0.44039607,False,0
ARRDC3,0.44050196,False,0
ARRDC3-AS1,0.5133548,False,0
ASB4,0.49299222,False,0
ASIC2,0.48216414,False,0
ASPA,0.49843284,False,0
ASPH,0.4491443,False,0
ATF3,0.4494456,False,0
ATF5,0.48135927,False,0
ATG16L2,0.47945416,False,0
ATOH8,0.43186617,True,0
ATOX1,0.5247338,False,0
ATP10A,0.49171185,False,0
ATP11C,0.44878528,False,0
ATP13A4,0.5135046,False,0
ATP1A2,0.5014869,False,0
ATP1B3,0.43146574,False,0
ATP2A3,0.50656897,True,0
ATP6V0D2,0.48216414,False,0
ATP7B,0.4484475,False,1
ATP8B1,0.44630724,False,0
ATP8B4,0.46621364,False,0
ATRNL1,0.44690666,True,0
AVEN,0.4699828,True,0
B2M,0.46294603,True,0
B3GAT2,0.51059,False,0
B3GNT5,0.46621364,False,0
B4GALT1,0.42819953,False,0
BACE2,0.45068595,True,1
BACH1,0.45703667,False,0
BAG3,0.46421206,False,0
BAIAP2L1,0.4701158,True,0
BAMBI,0.4804029,False,0
BAZ1A,0.4317458,False,0
BCAN,0.48826405,True,0
BCAR3,0.43540174,True,0
BCAS2,0.5100398,False,0
BCL11B,0.4888277,True,0
BCL2,0.48968604,False,0
BCL2L11,0.47318205,True,0
BCL2L14,0.47945416,False,0
BCL3,0.42865637,False,0
BCL6,0.4310204,True,0
BEST3,0.47945416,False,0
BHLHE40,0.42578897,False,0
BHLHE41,0.56174123,False,0
BICC1,0.46621364,False,0
BIRC3,0.46770263,False,0
BMP2K,0.4818071,False,0
BMP5,0.48078746,False,0
BMP6,0.46419343,False,0
BMPR1B,0.52301675,False,0
BMX,0.46598265,True,0
BNC2,0.46580815,False,0
BOC,0.4355712,True,0
BRCA2,0.47945416,False,0
BRINP3,0.5109653,False,0
BROX,0.48135927,False,0
BSG,0.46331817,True,0
BTBD11,0.4866191,False,0
BTG1,0.4491313,False,0
BTG2,0.43311045,False,0
BTG3,0.45045465,False,0
BTK,0.46621364,False,0
BTN3A2,0.47400254,False,0
BTNL9,0.4500769,False,0
BVES,0.49591336,True,0
BVES-AS1,0.49156561,False,0
C12orf42,0.48765427,False,0
C1R,0.46273524,False,0
C1RL,0.5216855,False,0
C1orf162,0.4799347,False,0
C1orf54,0.47091767,False,0
C1orf56,0.5379023,False,0
C21orf62,0.5262379,False,0
C21orf91,0.50206035,False,0
C22orf34,0.46472013,False,0
C2CD2,0.4324609,False,0
C2orf83,0.47214067,False,0
C3AR1,0.47945416,False,0
C4orf19,0.42676315,False,0
C7,0.4713238,True,0
C7orf31,0.49156561,False,0
C9orf153,0.49591336,False,0
CA12,0.47945416,False,0
CA2,0.45166484,False,0
CA3,0.50372124,False,0
CA4,0.48923826,False,0
CA8,0.47760883,False,0
CABLES1,0.46788234,False,0
CACHD1,0.4558019,False,0
CACNA2D3,0.4942517,False,0
CACNB2,0.46621364,True,0
CACNG4,0.54450405,False,0
CADPS2,0.457673,False,1
CALB2,0.52043146,False,0
CALCR,0.48946056,False,0
CALCRL,0.46526048,False,0
CALD1,0.45187172,False,0
CALR,0.44348502,True,0
CAMK2G,0.46621364,False,0
CAP1,0.46789366,False,0
CARD11,0.49843284,False,0
CARD14,0.47400254,False,0
CARD8,0.46800512,False,1
CARMN,0.48135927,False,0
CARNS1,0.487303,True,0
CARTPT,0.50796235,False,0
CASC6,0.48968604,False,0
CASP1,0.50613636,False,0
CASP10,0.4358882,True,0
CASP4,0.43652686,False,0
CASP7,0.46749088,False,0
CASS4,0.47215265,False,1
CATSPERG,0.5167727,False,0
CAV1,0.4430413,False,1
CAV2,0.47227076,False,0
CBLB,0.44449678,False,0
CBLN2,0.5014869,False,0
CC2D2B,0.5055685,False,0
CCBE1,0.54481024,False,0
CCDC122,0.5216855,False,0
CCDC141,0.4686911,True,0
CCDC50,0.4516737,False,0
CCDC60,0.48216414,False,0
CCDC68,0.4444544,False,0
CCDC80,0.49141455,False,0
CCDC88C,0.48235062,False,0
CCDC97,0.52741843,False,0
CCK,0.49871647,False,0
CCL2,0.46295947,False,1
CCL5,0.49591336,False,0
CCND1,0.5196318,False,0
CCND3,0.45572907,False,0
CCNE2,0.53054,True,0
CCNG2,0.5361061,False,0
CCR1,0.46621364,False,0
CD109,0.4455882,False,0
CD163,0.48216414,False,0
CD274,0.50656897,False,0
CD34,0.44672963,False,0
CD36,0.5311451,False,1
CD44,0.5014869,False,1
CD55,0.46006072,False,0
CD58,0.45203215,False,0
CD63,0.4622261,True,0
CD82,0.47918734,False,0
CD83,0.48968604,True,0
CD9,0.43551427,False,0
CD93,0.44738677,True,0
CDC14A,0.44790912,True,0
CDC42EP1,0.5055685,False,0
CDC42EP4,0.45204788,False,0
CDCA7L,0.50613636,False,0
CDH10,0.4844838,False,0
CDH12,0.46621364,True,0
CDH13,0.4521208,False,0
CDH19,0.50656897,False,0
CDH20,0.55262494,False,0
CDH23,0.46839288,False,0
CDH4,0.47999296,False,0
CDH5,0.4343192,False,0
CDH6,0.44602677,False,0
CDH7,0.48898247,False,0
CDH8,0.46621364,True,0
CDH9,0.46621364,False,0
CDK18,0.48505685,False,0
CDK19,0.45911112,True,0
CDK2AP2,0.47400254,False,0
CDKN1A,0.43196702,False,0
CDKN1B,0.4320685,False,0
CDKN1C,0.50713795,False,0
CDKN2A,0.5311451,False,1
CDR2L,0.50656897,False,0
CEBPB,0.4604202,False,0
CEBPD,0.43299797,False,0
CEMIP,0.47890046,False,0
CENPP,0.48216414,False,0
CEP135,0.48971814,False,0
CEP152,0.49372706,False,0
CERCAM,0.5014869,False,0
CFH,0.5130641,True,1
CFL2,0.5100398,False,0
CFLAR,0.4337702,False,0
CFLAR-AS1,0.45054772,False,0
CFTR,0.5429562,False,0
CGNL1,0.47074655,False,0
CH25H,0.5663443,False,1
CHD7,0.46900058,True,0
CHODL,0.4786659,False,0
CHRDL1,0.51059,False,0
CHRM2,0.47064638,False,0
CHRM3-AS2,0.48670888,False,0
CHRM5,0.48216414,False,0
CHRNA7,0.5135046,False,1
CHST11,0.4504134,False,0
CHST15,0.4422106,False,0
CHST8,0.5358492,False,0
CHSY1,0.44509277,True,0
CIITA,0.50206035,True,0
CLCN5,0.4567732,True,0
CLDN10,0.517884,False,0
CLDN14,0.50542974,False,0
CLDN5,0.43765017,False,0
CLDND1,0.5120966,False,0
CLEC14A,0.44368762,True,0
CLEC1A,0.42569646,True,0
CLEC2B,0.4850262,False,0
CLEC9A,0.5055685,False,0
CLIC1,0.43952173,False,0
CLIC2,0.45077822,True,0
CLIC4,0.44265774,False,0
CLIC5,0.4455561,False,0
CLU,0.491344,False,1
CLYBL,0.48968604,False,0
CMAHP,0.4546939,False,0
CMKLR1,0.54043716,True,0
CMTM6,0.49591336,False,0
CMTM8,0.45524082,False,0
CNBD1,0.53356045,False,0
CNN3,0.44375125,False,0
CNOT8,0.4351934,True,0
CNP,0.49156561,False,0
CNTLN,0.47945416,False,0
CNTN3,0.46621364,False,0
CNTN4,0.46621364,False,0
CNTN5,0.4720832,True,0
CNTNAP3,0.47250783,False,0
CNTNAP5,0.45739746,False,0
COBLL1,0.462773,False,0
COL11A1,0.4936323,False,1
COL14A1,0.48778906,True,0
COL15A1,0.48216414,False,0
COL18A1,0.45601872,False,0
COL21A1,0.552625,False,0
COL23A1,0.48135927,False,0
COL24A1,0.50713795,True,0
COL25A1,0.4832748,False,1
COL27A1,0.52043146,True,0
COL3A1,0.4750294,False,0
COL4A1,0.43282297,False,0
COL4A2,0.4301509,False,0
COL4A3,0.48216414,False,0
COL4A5,0.48576495,False,0
COL5A2,0.48505685,False,0
COL6A6,0.49156561,True,0
COL8A1,0.46581957,False,0
COL9A3,0.49372706,False,0
COLEC12,0.5122316,False,0
COLGALT1,0.48968604,False,0
COLGALT2,0.45654744,False,0
COPE,0.5107471,True,0
COQ2,0.5072091,False,0
CORO1B,0.49372706,False,0
COTL1,0.48216414,False,0
CP,0.4721407,False,0
CPAMD8,0.49372706,True,0
CPB2-AS1,0.48505685,False,0
CPE,0.46882328,False,0
CPM,0.4740025,False,0
CPNE4,0.47082564,True,0
CPNE8,0.49591336,False,0
CPT1A,0.43610957,False,0
CPVL,0.4849163,False,0
CPXM2,0.4959641,False,0
CRB1,0.46621364,False,0
CREB3L2,0.47511655,False,0
CREB5,0.44157755,False,0
CREM,0.42269835,False,0
CRH,0.47945416,True,0
CRIM1,0.49730226,False,0
CRISPLD1,0.47945416,False,0
CRYAB,0.48135927,True,0
CRYBG3,0.48344418,False,0
CSF1,0.48505685,False,0
CSF3R,0.53057116,False,0
CSGALNACT1,0.4592371,False,0
CSRNP1,0.4451146,True,0
CSRP1,0.5077361,False,0
CSRP2,0.44505328,False,0
CST3,0.46277764,False,1
CTNNA2,0.46289113,False,0
CTNS,0.48505685,False,0
CTSB,0.52741843,True,0
CTSC,0.47945416,False,0
CTSH,0.48505685,False,0
CTSO,0.48505685,False,0
CTTNBP2NL,0.45554847,False,0
CUX2,0.50613636,False,0
CXCL12,0.5444967,True,0
CXCL16,0.49591336,False,0
CXCR4,0.5444967,True,0
CYBA,0.48505685,False,0
CYCS,0.49206215,False,0
CYFIP1,0.45363575,True,0
CYP1B1,0.45351675,False,0
CYP39A1,0.5135046,False,0
CYSLTR1,0.48146322,False,0
CYSLTR2,0.5283592,False,0
CYYR1,0.4331829,True,0
CYYR1-AS1,0.4430622,False,0
DAAM2,0.5234325,False,0
DAB1,0.46621364,False,0
DACH1,0.45692235,False,0
DAP,0.45061365,False,0
DAPP1,0.49156561,False,0
DAZAP2,0.46950015,False,0
DCBLD1,0.50176316,True,0
DCC,0.49040818,True,0
DCDC2,0.48512426,False,0
DCLK2,0.45113474,False,0
DDAH1,0.5122316,True,0
DDAH2,0.49466723,False,0
DDIT4,0.4393321,False,0
DDR2,0.48052484,False,0
DDX21,0.46231067,False,0
DDX3Y,0.49258956,False,0
DDX4,0.48135927,False,0
DDX60,0.47086617,True,0
DDX60L,0.44544402,False,0
DENND1C,0.49372706,False,0
DENND2A,0.43505782,True,0
DENND2C,0.4669593,False,0
DENND3,0.42818722,False,0
DEPTOR,0.43808508,False,0
DGKB,0.5014869,False,1
DGKH,0.42432213,False,0
DIAPH2,0.44182533,True,0
DIO2,0.5281258,False,0
DISC1,0.46528,False,0
DISC1FP1,0.4991077,True,0
DISP1,0.45650315,False,0
DKK2,0.49028665,False,0
DLC1,0.43346372,False,0
DLEU1,0.49855402,False,0
DLEU7,0.47082564,True,0
DLGAP1,0.46738413,False,0
DLGAP1-AS5,0.5263057,False,0
DLGAP2,0.53818685,False,0
DLL1,0.54654026,False,0
DLL4,0.45068887,False,0
DLX6-AS1,0.5107471,False,0
DMRT2,0.5379023,False,0
DNAH11,0.49156561,False,0
DNAH7,0.5071408,True,0
DNAJB1,0.48737878,False,0
DNAJC22,0.49926966,False,0
DOCK11,0.5509361,False,0
DOCK2,0.48968604,False,0
DOCK6,0.5357212,False,0
DOHH,0.50656897,False,0
DOK1,0.4760191,False,0
DOK6,0.46621364,False,0
DPP10-AS1,0.46621364,True,0
DPYSL3,0.5122316,False,0
DPYSL5,0.50613636,True,0
DRAIC,0.5014869,False,0
DRAM1,0.4688618,False,0
DSCAM,0.46621364,False,0
DSP,0.47665727,False,0
DTNA,0.4830324,False,0
DTX3L,0.48452896,False,0
DUSP1,0.43371668,False,0
DUSP16,0.43968788,True,0
DUSP22,0.44887564,False,0
DUSP5,0.43600124,True,0
DUSP6,0.42417544,False,0
DYSF,0.44791356,False,0
EBF1,0.461013,False,0
EBF4,0.48921713,False,0
ECT2,0.45046356,True,0
EDA2R,0.5167727,False,0
EDN1,0.4376632,True,0
EDNRA,0.46621364,True,0
EDNRB,0.48216414,False,0
EFCAB13,0.52870667,True,0
EFCAB14-AS1,0.47945416,True,0
EFEMP1,0.49305373,False,0
EFHD1,0.4657522,False,0
EFNA1,0.4334804,False,0
EFNA5,0.47878748,False,1
EGFL7,0.44654527,False,0
EGFR,0.46055293,False,0
EGLN3,0.50713795,False,0
EGR1,0.43927303,False,0
EGR3,0.44890562,False,0
EHBP1L1,0.47945416,False,0
EHD4,0.44506836,True,0
EIF4A3,0.47800925,False,0
ELAVL2,0.46642274,True,0
ELF1,0.43614653,False,0
ELF4,0.51485074,False,0
ELK3,0.4244686,False,0
ELL2,0.44333524,False,0
ELMO1-AS1,0.5122316,False,0
ELOVL2,0.49372706,True,0
ELOVL5,0.4389345,False,0
ELOVL7,0.4689987,False,0
EMB,0.5107471,False,0
EMCN,0.4313578,False,0
EMILIN1,0.46945104,True,0
EMILIN2,0.48146322,False,0
EML3,0.49219498,False,0
EML4,0.42641425,True,0
EMP1,0.44802925,True,0
EMP2,0.43308654,True,0
EMP3,0.49843284,True,0
EMX2OS,0.49627894,False,0
ENG,0.44973108,False,0
ENO4,0.4720832,False,0
ENOX2,0.50796235,False,0
ENPP2,0.46843264,True,0
ENTPD1,0.48241508,False,0
ENTPD1-AS1,0.45547298,False,0
EPAS1,0.4467841,False,0
EPB41L4A,0.5002663,False,0
EPHA1-AS1,0.53054,False,0
EPHA2,0.4619112,False,0
EPHA3,0.42899257,False,0
EPHA6,0.46621364,False,0
EPHA7,0.4654996,False,0
EPHB1,0.46621364,False,0
EPN2,0.44045946,False,0
EPS8,0.46852055,False,0
EPSTI1,0.44080305,False,0
ERG,0.44984484,False,0
ERI1,0.5055685,True,0
ERMN,0.54481024,False,0
ERN1,0.48135927,False,0
ERRFI1,0.47395566,True,0
ESAM,0.4384821,False,0
ESR1,0.53356045,True,1
ESR2,0.4735102,False,1
ESRRB,0.5107471,False,0
ESYT2,0.50713795,False,0
ETFB,0.5014869,False,0
ETS1,0.4385777,False,0
ETS2,0.45574406,False,0
ETV1,0.51065934,False,0
ETV6,0.43994385,False,0
EXPH5,0.45396394,False,0
EYA1,0.50147676,False,0
EYA2,0.48420018,False,0
EYS,0.5222055,False,0
EZH2,0.48557842,False,0
F11R,0.44866014,True,0
F3,0.544504,False,0
FABP7,0.46547598,True,0
FAM107A,0.44480228,False,0
FAM107B,0.4778259,False,0
FAM110B,0.46528938,False,0
FAM111A,0.48135927,False,0
FAM114A1,0.51239675,False,0
FAM118A,0.50419784,False,0
FAM124A,0.5009002,False,0
FAM126A,0.438372,False,0
FAM149A,0.46621364,False,0
FAM167A,0.50796235,False,0
FAM181B,0.4845306,False,0
FAM189A2,0.4991077,True,0
FAM53A,0.50713795,True,0
FAM78A,0.50215334,True,0
FAM89A,0.4709032,False,0
FANCC,0.44631812,False,0
FAS,0.5072091,False,1
FAT1,0.50613636,False,0
FAT3,0.48561314,False,0
FAT4,0.43564987,False,0
FAXDC2,0.45090076,True,0
FBLN1,0.54654026,True,0
FBLN2,0.50713795,False,0
FBLN5,0.484216,False,0
FBXL7,0.47201928,False,0
FCGR2A,0.48216414,False,0
FCGRT,0.49156561,False,0
FENDRR,0.44253835,False,0
FES,0.43910742,True,0
FGD3,0.49591336,True,0
FGD4,0.42876235,False,0
FGD5,0.45291087,False,0
FGD6,0.43887207,True,0
FGF1,0.48135927,True,1
FGF13,0.49569726,False,0
FGF14,0.4862081,True,0
FGF2,0.5106778,False,0
FGF7,0.46621364,False,0
FGFR1,0.44561437,False,0
FGFR3,0.48359093,True,0
FGL1,0.5072091,False,0
FGL2,0.5167727,False,0
FGR,0.46323627,False,0
FHL3,0.4958542,False,0
FHOD1,0.50796235,False,0
FIGN,0.52043146,False,0
FILIP1,0.47565717,False,0
FILIP1L,0.47122902,False,0
FIRRE,0.5014869,False,0
FKBP10,0.48216414,True,0
FKBP5,0.46185005,False,0
FLI1,0.44619492,False,0
FLJ46284,0.48505685,False,0
FLNA,0.44225845,False,0
FLRT2,0.46422157,False,0
FLT1,0.4471928,True,0
FLVCR2,0.448285,True,0
FMN1,0.4720832,False,0
FMNL3,0.43519223,False,0
FMO4,0.49089307,False,0
FMO6P,0.49917197,True,0
FN1,0.4331849,False,0
FNDC3B,0.44285834,False,0
FOS,0.43939522,False,0
FOSB,0.46045256,False,0
FOSL2,0.43881366,True,0
FOXC1,0.43365422,False,0
FOXO1,0.44472283,False,0
FOXP2,0.4767568,True,0
FOXQ1,0.45072526,False,0
FRAS1,0.44580334,False,0
FREM1,0.46621364,True,0
FREM2,0.48216414,True,0
FRK,0.5167727,False,0
FRMD4B,0.47117448,False,0
FRMD6,0.48369202,False,1
FRMPD3,0.47887778,False,0
FRMPD4,0.47917518,True,0
FSCN1,0.46907845,False,0
FSTL1,0.46450514,False,0
FTH1,0.4463729,False,0
FTL,0.45553863,True,0
FUT10,0.48135927,False,0
FXYD5,0.47359133,False,0
FZD6,0.4542772,False,0
G0S2,0.49156561,False,0
GABPB1,0.48135927,False,0
GABRA2,0.46621364,False,0
GABRG3,0.4658588,False,0
GAD1,0.47063693,False,0
GAD2,0.4716748,False,0
GADD45B,0.42689472,False,0
GADD45G,0.48505685,False,0
GALNT10,0.48345068,False,0
GALNT14,0.46621364,False,0
GALNT15,0.49550176,True,0
GALNT18,0.4718847,False,0
GALNTL6,0.46621364,False,0
GAS2L3,0.4894953,False,0
GATA2-AS1,0.4457991,False,0
GBE1,0.4595597,False,0
GBP1,0.44686422,False,0
GBP2,0.46610504,False,1
GBP4,0.46157703,False,0
GCH1,0.44367558,False,0
GCNT1,0.44818124,False,0
GCNT2,0.4895636,False,0
GCNT7,0.48968604,False,0
GEM,0.550407,False,0
GFAP,0.49240386,False,0
GFRA1,0.46621364,False,0
GGT5,0.456541,False,0
GHR,0.46104276,False,0
GIMAP2,0.49591336,False,0
GIMAP4,0.47250783,False,0
GIMAP7,0.44196138,False,0
GIMAP8,0.45890397,False,0
GJA1,0.43495834,False,0
GJB1,0.5135046,True,0
GJC1,0.49372706,True,0
GJC2,0.46549964,False,0
GLDN,0.49628007,False,0
GLI3,0.4697168,False,0
GLIS3,0.457572,False,0
GLOD5,0.49156561,True,0
GLRA2,0.48379177,True,0
GMIP,0.47945416,False,0
GMPR,0.48499545,False,0
GNA13,0.4373998,False,0
GNA14,0.4457661,True,0
GNA14-AS1,0.5361061,False,0
GNAL,0.5361061,False,0
GNB4,0.440671,False,0
GNG11,0.44059584,False,0
GNG12,0.4768863,False,0
GNG12-AS1,0.48036778,False,0
GNG4,0.5042304,False,0
GNG8,0.49591336,True,0
GOLIM4,0.44845614,False,0
GPAM,0.53818685,False,0
GPAT3,0.5379023,False,0
GPC4,0.47772273,False,0
GPC5,0.48505685,False,0
GPC6,0.4720832,False,0
GPCPD1,0.46190265,False,0
GPER1,0.5055685,False,0
GPIHBP1,0.4917491,True,0
GPM6A,0.46621364,False,0
GPNMB,0.5222054,False,0
GPR17,0.50206035,False,0
GPR174,0.5107471,False,0
GPR85,0.44472724,False,0
GPRIN3,0.46621364,False,0
GPSM3,0.48268387,True,0
GPX1,0.4679349,False,1
GPX3,0.49591336,False,0
GRAMD1A,0.4322945,False,0
GRAPL,0.48942605,False,0
GRB10,0.45066705,True,0
GRB2,0.4571124,False,0
GREB1L,0.4609577,False,0
GREM1,0.48135927,False,0
GREM2,0.53054,False,1
GRIA1,0.48517784,False,0
GRID2,0.46621364,False,0
GRIK1,0.47218403,False,0
GRIK2,0.46389824,False,0
GRIK3,0.4662447,False,0
GRIN2A,0.4673841,False,0
GRIN2C,0.49156561,False,0
GRIN3A,0.49364656,False,1
GRIP1,0.46621364,True,0
GRK5,0.44065067,False,0
GRM1,0.47363743,False,0
GRM3,0.4931705,False,0
GRM7,0.46621364,False,0
GRM8,0.5449689,False,0
GRN,0.52870667,False,1
GSDMD,0.47753063,False,0
GSN,0.47265932,False,0
GSTP1,0.47945416,False,1
GULP1,0.48509622,False,0
GXYLT2,0.52043146,True,0
HAMP,0.49372706,True,0
HAVCR2,0.48505685,False,0
HBEGF,0.46025142,False,0
HCN1,0.46621364,False,0
HDAC9,0.49296245,False,0
HDDC2,0.49372706,True,0
HEATR5A,0.49351728,False,0
HECA,0.44611838,False,0
HECW1,0.46621364,True,0
HEG1,0.43847758,False,0
HELZ2,0.46331817,False,0
HERC2P2,0.47943497,True,0
HERC2P3,0.46664724,False,0
HERC2P9,0.44896552,False,0
HERPUD1,0.48649654,False,0
HES1,0.4345689,True,0
HES4,0.47202545,False,0
HES5,0.53054005,False,0
HES6,0.49843284,False,0
HEY2,0.49702317,False,0
HGF,0.46621364,False,0
HHEX,0.5135046,False,1
HHIP,0.50613636,False,0
HIC1,0.4821954,False,0
HIF1A,0.4361208,True,0
HIF3A,0.4595233,True,0
HIGD1B,0.50613636,False,0
HK2,0.48968604,False,0
HKDC1,0.49372706,False,0
HLA-A,0.43443194,True,1
HLA-B,0.4450737,False,0
HLA-DQB1,0.5167727,False,1
HLA-DRB1,0.49343672,True,1
HLA-DRB5,0.5167727,True,1
HLA-E,0.47973228,False,0
HMCN1,0.45169336,False,0
HMG20B,0.50656897,False,0
HMGA2,0.49458507,False,0
HMGCS1,0.48138493,False,0
HMOX1,0.54043823,False,1
HNRNPKP3,0.46621364,False,0
HOXD1,0.49203774,False,0
HPN-AS1,0.52870667,False,0
HPS3,0.47269335,False,0
HRH1,0.4961071,False,0
HS3ST2,0.4991077,False,0
HS3ST4,0.5074083,False,0
HS3ST5,0.5100398,True,0
HS6ST2,0.49420658,False,0
HS6ST3,0.5072091,False,0
HSD11B1,0.50713795,False,1
HSP90AA1,0.4977497,True,0
HSPA12B,0.44522068,True,0
HSPA1A,0.45364356,False,0
HSPA5,0.44451538,True,1
HSPB1,0.49409714,False,0
HSPB8,0.56297773,False,0
HSPBAP1,0.5120815,False,0
HSPD1,0.45939934,False,0
HSPG2,0.47010753,True,1
HSPH1,0.43948498,False,0
HTR1F,0.48505685,False,0
HTR2B,0.52870667,True,0
HTR4,0.502671,False,0
HTR7,0.49843284,False,0
HULC,0.5349308,False,0
HYAL2,0.4488693,False,0
ICAM1,0.45091006,True,1
ICAM2,0.47259653,False,0
ICOSLG,0.49156561,False,0
ID1,0.46679217,False,0
ID2,0.47267506,False,0
ID3,0.4476171,False,0
ID4,0.508582,True,0
IER2,0.45936045,False,0
IER3,0.4480466,False,0
IER5,0.4855591,False,0
IFI16,0.4232325,False,0
IFI27L2,0.49372706,True,0
IFI44,0.46568215,False,0
IFI44L,0.46051928,False,0
IFIH1,0.48505685,False,0
IFIT3,0.47594255,False,0
IFITM3,0.45161983,False,0
IGF1,0.47730452,False,1
IGF2BP2,0.445803,False,0
IGFBP3,0.44908905,False,0
IGFBP4,0.46880332,False,0
IGFBP5,0.5222055,False,0
IGFBP7,0.43452996,False,0
IGSF11-AS1,0.49365407,False,0
IGSF21,0.4832748,False,0
IKBIP,0.47945416,False,0
IKBKE,0.49843284,True,0
IKZF1,0.5014869,False,0
IKZF2,0.4991077,False,0
IL13RA1,0.4523193,True,0
IL15,0.449063,False,0
IL15RA,0.44400606,True,0
IL17RA,0.49591336,False,0
IL18,0.5072091,False,1
IL18R1,0.4276695,False,0
IL1R1,0.45399237,False,0
IL4R,0.4591604,True,0
IL6R,0.47018626,False,1
IL6ST,0.42656842,False,0
INPP5D,0.45238024,False,1
INPPL1,0.48426455,False,0
INSIG1,0.460703,True,0
IQCA1,0.48135927,False,0
IQCH,0.5269732,False,0
IQCH-AS1,0.50206035,False,0
IQCJ-SCHIP1,0.44329232,False,0
IQGAP1,0.45714667,False,0
IQGAP2,0.52741843,True,0
IRAK2,0.4991914,False,0
IRAK3,0.47569007,False,0
IRAK4,0.47858128,False,0
IRF4,0.50206035,True,0
IRF5,0.48505685,False,0
IRF7,0.4971656,False,0
ISG15,0.46022347,False,0
ISM1,0.4991077,False,0
ITGA1,0.4431078,False,0
ITGA10,0.4469238,False,0
ITGA2,0.43088928,False,0
ITGA5,0.4378715,False,0
ITGA6,0.46308678,False,0
ITGA7,0.48505685,False,0
ITGA8,0.47306633,True,0
ITGB4,0.50610256,False,0
ITGB5,0.481472,True,0
ITIH5,0.4487866,False,0
ITM2A,0.46790534,False,0
ITPKB,0.44144884,False,0
ITPKC,0.47254622,False,0
ITPR2,0.45317733,False,0
ITPR3,0.42521027,False,0
ITPRIP,0.43591556,False,0
JADE3,0.47861364,True,0
JAG1,0.48366264,True,0
JAM2,0.45567566,False,0
JDP2,0.4518606,False,0
JOSD2,0.5100398,False,0
JUN,0.44653326,False,0
JUNB,0.44388744,False,0
JUP,0.49151245,False,0
KANK1,0.45462725,False,0
KANK2,0.4747555,False,0
KANK3,0.46800512,False,0
KAT2B,0.44557953,True,0
KAZN,0.44480848,False,0
KC6,0.46621364,False,0
KCNAB1,0.5262379,False,0
KCNAB1-AS2,0.48135927,False,0
KCNB2,0.4720832,True,0
KCNC2,0.45739743,False,0
KCND2,0.47258788,False,0
KCNE1,0.46838194,False,0
KCNE4,0.5228892,False,0
KCNH5,0.46621364,True,0
KCNH7,0.45536268,False,0
KCNIP1,0.46755308,False,0
KCNJ2,0.46108797,False,0
KCNJ2-AS1,0.5122316,False,0
KCNJ8,0.47945416,True,0
KCNK2,0.5262379,False,0
KCNMB4,0.49156561,True,0
KCNN3,0.48600566,True,0
KCNQ3,0.45942038,False,0
KCNQ5,0.4816386,False,0
KCNS3,0.47994834,False,0
KCNT2,0.46893024,False,0
KCTD12,0.43190807,False,0
KCTD4,0.49022704,False,0
KCTD8,0.47359526,False,0
KCTD9,0.49365407,True,0
KDR,0.4665029,True,0
KHDRBS2,0.45179534,False,0
KIAA0040,0.4400672,False,0
KIAA1217,0.45031592,False,0
KIF13B,0.45198873,False,0
KIF26B,0.43441755,False,0
KITLG,0.49843284,True,0
KIZ-AS1,0.47945416,False,0
KLF2,0.42206147,False,0
KLF3,0.4337119,False,0
KLF4,0.4347091,False,0
KLF6,0.45014066,True,0
KLHL1,0.5107471,False,0
KLHL6,0.4837704,True,0
KLHL6-AS1,0.48135927,False,0
KMO,0.48135927,True,0
KYNU,0.45208764,False,0
L3MBTL4-AS1,0.48480868,False,0
LAMA1,0.5167727,True,0
LAMA2,0.43160278,True,0
LAMA3,0.44064584,False,0
LAMA4,0.43464294,False,0
LAMB1,0.509937,True,0
LAMB2,0.49156561,False,0
LAMC1,0.42928642,False,0
LAP3,0.46851042,False,0
LAPTM4A,0.43489704,False,0
LATS2,0.43211713,False,0
LAYN,0.44565976,True,0
LCP1,0.49372706,False,0
LCP2,0.438123,False,0
LDB2,0.47300738,False,0
LDB3,0.53054,False,0
LDLR,0.44023237,False,1
LDLRAD3,0.4436624,False,0
LDLRAD4,0.47174063,False,0
LDLRAP1,0.5129649,False,0
LEF1,0.44737563,False,0
LEKR1,0.5216855,False,0
LENG9,0.5100398,True,0
LEPR,0.47703952,False,0
LFNG,0.54367596,False,0
LGALS1,0.5167727,False,0
LGALS3,0.45013714,True,0
LGALS3BP,0.47400254,False,0
LGI1,0.49437156,False,0
LGMN,0.48968396,False,0
LGR4,0.49591336,False,0
LGR5,0.48541948,False,0
LHFPL2,0.42913938,False,0
LHFPL3,0.46621364,False,0
LIMK2,0.44177386,False,0
LIMS1,0.44268408,False,0
LIMS2,0.44195053,False,0
LINC00032,0.49498934,False,0
LINC00271,0.5135046,False,0
LINC00276,0.5326362,False,0
LINC00299,0.50206035,False,0
LINC00326,0.5216855,False,0
LINC00504,0.532809,False,0
LINC00511,0.50656897,True,0
LINC00534,0.49156561,False,0
LINC00582,0.48968604,False,0
LINC00598,0.50796235,False,0
LINC00601,0.49843284,False,0
LINC00607,0.48538944,True,0
LINC00609,0.4914689,False,0
LINC00640,0.49591336,True,0
LINC00840,0.47863442,False,0
LINC00844,0.5167727,False,0
LINC00862,0.47945416,False,0
LINC00870,0.48216414,True,0
LINC00886,0.48499602,False,0
LINC00899,0.47516248,False,0
LINC00958,0.48505685,False,0
LINC01010,0.48216414,False,0
LINC01060,0.5072091,False,0
LINC01091,0.48620808,False,0
LINC01099,0.5135046,False,0
LINC01117,0.46800512,False,0
LINC01122,0.48582217,False,0
LINC01135,0.49156561,False,0
LINC01170,0.5122316,False,0
LINC01182,0.46621364,True,0
LINC01189,0.5072091,True,0
LINC01250,0.48216414,False,0
LINC01258,0.50206035,False,0
LINC01266,0.49156561,False,0
LINC01301,0.48968604,False,0
LINC01320,0.49372706,False,0
LINC01322,0.46992508,False,0
LINC01358,0.5046999,False,0
LINC01376,0.446625,False,0
LINC01411,0.52043146,True,0
LINC01416,0.5072091,False,0
LINC01422,0.5216855,False,0
LINC01445,0.49591336,False,0
LINC01476,0.49843284,False,0
LINC01500,0.5040636,False,0
LINC01554,0.5283592,False,0
LINC01572,0.48505685,True,0
LINC01619,0.47321862,False,0
LINGO2,0.5098001,False,0
LIPG,0.47077712,False,0
LITAF,0.45322397,False,0
LLGL2,0.5040662,True,0
LMCD1,0.4546679,True,0
LMCD1-AS1,0.4911868,True,0
LMF1-AS1,0.53356045,False,0
LMNA,0.4461842,True,1
LMNTD1,0.47945416,True,0
LMO2,0.44851094,True,0
LMOD1,0.49843284,False,0
LOXL2,0.4358873,True,0
LPAR4,0.48216414,False,0
LPAR5,0.5107471,False,0
LPAR6,0.4659868,False,0
LPGAT1,0.46289676,False,0
LPIN3,0.49843284,False,0
LRAT,0.5216855,False,0
LRCH1,0.4517251,True,0
LRFN5,0.49043065,False,0
LRIG1,0.46282858,False,0
LRP4,0.48968604,False,0
LRP4-AS1,0.48968604,False,0
LRRC1,0.45490593,False,0
LRRC32,0.44336882,True,0
LRRC3B,0.48505685,False,0
LRRC4C,0.46450844,False,0
LRRC63,0.5122316,False,0
LRRC69,0.5055685,False,0
LRRC74A,0.47400254,False,0
LRRC8A,0.41993394,False,0
LRRC8D,0.4669593,False,0
LRRK2,0.44985977,False,1
LRRN1,0.48216414,True,0
LRRTM4,0.44762614,False,0
LRTM1,0.5206528,False,0
LSR,0.4836032,False,0
LTBP1,0.48352852,True,0
LUCAT1,0.48135927,False,0
LURAP1L,0.5055685,False,0
LUZP2,0.46621364,True,0
LY86,0.4991077,False,0
LY96,0.46945104,False,0
LYL1,0.4811368,False,0
LYPD6B,0.4860952,False,0
LYVE1,0.48216414,True,0
LZTS2,0.4821655,True,0
MAF,0.47921273,False,0
MAFB,0.5216855,True,0
MAFF,0.44114107,False,0
MAG,0.48868108,False,0
MAGI1-AS1,0.49503183,False,0
MAMDC2,0.52741843,False,0
MAML2,0.44233286,False,0
MAML3,0.443054,False,0
MAN1A1,0.4651602,False,0
MAN2A1,0.4477215,False,0
MAN2B1,0.5055685,False,0
MAOA,0.458914,True,1
MAOB,0.54654026,False,0
MAP3K1,0.43152964,True,0
MAP3K11,0.47048864,False,0
MAP3K14,0.47945416,False,0
MAP3K7CL,0.48216414,False,0
MAP3K8,0.43146837,False,0
MAPK4,0.4576219,False,0
MAPKAPK2,0.44123065,False,0
MAPKAPK3,0.489666,False,0
MARCKSL1,0.52043146,True,0
MASP1,0.48968604,True,0
MBNL1-AS1,0.47945416,False,0
MBNL3,0.54654026,False,0
MBOAT1,0.45654106,False,0
MBP,0.48146325,True,0
MCAM,0.45696807,False,0
MCC,0.4238173,False,0
MCL1,0.44828925,True,0
MCM3,0.46149614,False,0
MCTP1,0.45521837,False,0
MCTP2,0.49714538,False,0
MDFIC,0.47503716,False,0
MECOM,0.50782263,False,0
MEF2A,0.50277984,False,1
MEIS1,0.50480837,False,0
MERTK,0.4219644,True,0
MET,0.4525955,False,0
METAP1D,0.5100398,False,0
MFGE8,0.5135046,False,0
MFHAS1,0.44566244,False,0
MFNG,0.5669663,False,0
MFSD2A,0.45795038,False,0
MFSD4B,0.51485074,False,0
MGAT1,0.4375689,False,0
MGAT4A,0.4302226,False,0
MGAT4C,0.49045682,False,0
MGP,0.46912012,True,0
MGST1,0.47064635,True,0
MGST2,0.44950226,False,0
MIATNB,0.47525188,False,0
MICALL1,0.48325682,True,0
MID1,0.44335303,False,0
MIDN,0.42668125,False,0
MIOX,0.49372706,False,0
MIR17HG,0.4894203,True,0
MIR31HG,0.5241268,True,0
MIR325HG,0.4502696,True,0
MIR34AHG,0.50713795,False,0
MIR4300HG,0.49936375,False,0
MIR4435-2HG,0.44312716,False,0
MIR4500HG,0.48505685,False,0
MIR924HG,0.5311451,False,0
MITF,0.49843538,False,0
MKNK1,0.5055685,True,0
MLKL,0.43546546,True,0
MMP14,0.5135046,False,0
MMP16,0.47945416,False,0
MMP19,0.49156561,False,0
MMRN1,0.47209635,False,0
MMRN2,0.46400547,True,0
MMS22L,0.48968604,False,0
MN1,0.5262379,False,0
MNDA,0.47945416,False,0
MOB3A,0.49591336,False,0
MOB3B,0.4389245,False,0
MOBP,0.5283592,False,0
MORC4,0.5135046,False,0
MOXD1,0.48216414,False,0
MPPED2,0.48262393,False,0
MPZL1,0.44146279,False,0
MRC2,0.5265037,False,0
MSC-AS1,0.5326362,False,0
MSI2,0.44450077,False,0
MSN,0.42768624,False,0
MSR1,0.4877802,False,0
MSX1,0.48153612,False,0
MT1E,0.4349815,True,0
MT1F,0.47945416,True,0
MT1G,0.49372706,False,0
MT1M,0.49591336,False,0
MT2A,0.44433177,False,0
MTCP1,0.5014869,False,0
MTHFD1L,0.49843284,False,1
MTMR9LP,0.47945416,False,0
MTSS1,0.44003996,False,0
MTUS2,0.43990192,True,0
MVP,0.49591336,False,0
MX1,0.45220724,False,1
MX2,0.46030918,False,0
MYCT1,0.4917491,False,0
MYH11,0.50713795,False,0
MYL12A,0.45173135,True,0
MYL12B,0.4639897,False,0
MYL6,0.4748732,False,0
MYLIP,0.48968604,False,0
MYO10,0.4459658,False,0
MYO16,0.492568,True,0
MYO1B,0.45080584,False,0
MYO1C,0.4600708,True,0
MYO1D,0.5024105,True,0
MYO1E,0.43198258,True,0
MYO1F,0.48335198,False,0
MYO5B,0.51485074,False,0
MYOF,0.4720139,False,0
MYOM1,0.5096948,False,0
MYRF,0.51003975,False,0
MYRIP,0.48787957,False,0
MYT1,0.48135927,True,0
NABP1,0.49371395,False,0
NAMPT,0.44038177,False,0
NAT8L,0.483551,True,0
NCALD,0.45617992,True,0
NCK2,0.47779262,False,0
NCOA7-AS1,0.4851525,False,0
NDNF,0.49156561,False,0
NDP,0.48135927,False,0
NDRG1,0.43762535,True,0
NDRG2,0.52239823,False,0
NDST3,0.46621364,True,0
NDST4,0.4991077,False,0
NEAT1,0.48495942,True,0
NECTIN2,0.4245548,True,0
NEDD1,0.49843284,False,0
NEDD4,0.4432522,False,0
NEDD9,0.44561908,False,1
NEK3,0.5072091,True,0
NEK6,0.49469936,False,0
NELL1,0.4991077,False,0
NES,0.46007675,True,0
NET1,0.4240022,False,0
NETO1,0.46621364,True,0
NEU4,0.49591336,False,0
NEURL1B,0.521702,False,0
NFATC1,0.43949836,True,0
NFATC2,0.44750676,False,0
NFE2L3,0.5135046,False,0
NFIL3,0.4483843,False,0
NFKB2,0.46472013,False,0
NFKBIA,0.4296658,False,0
NFKBID,0.4741066,False,0
NFKBIZ,0.43858823,False,0
NFYA,0.48795363,False,0
NGF,0.5072091,False,1
NHS,0.48801804,False,0
NHSL1,0.4397929,False,0
NHSL2,0.46471184,False,0
NID1,0.4397959,True,0
NINJ1,0.5135046,False,0
NKD1,0.4560587,False,0
NKX2-2,0.47945416,False,0
NKX6-2,0.49591336,False,0
NLGN4Y,0.51758844,False,0
NLRC5,0.45348975,False,0
NLRP1,0.48808172,False,1
NMI,0.47427723,False,0
NMUR2,0.47250786,False,0
NOC3L,0.4781294,False,0
NOD1,0.46084687,True,0
NOS1,0.47534478,False,1
NOS3,0.44043463,True,1
NOSTRIN,0.44085577,True,0
NOTCH1,0.45715445,False,0
NOTCH2,0.5228892,False,0
NOTCH3,0.5379023,True,0
NOTCH4,0.45341542,False,0
NOX4,0.4654002,False,0
NPL,0.4991077,False,0
NPLOC4,0.45329386,False,0
NPY,0.4720294,False,0
NR2F2,0.5107632,True,0
NR2F2-AS1,0.48888263,False,0
NR4A1,0.44353652,False,0
NR4A2,0.44821543,False,0
NR4A3,0.45659772,False,0
NR5A2,0.4501228,True,0
NRARP,0.47111595,True,0
NRIP3,0.5004436,False,0
NRP1,0.4417064,False,0
NRP2,0.4321887,True,0
NSMCE1,0.4980428,True,0
NT5DC1,0.45071968,False,0
NTN1,0.49541187,False,0
NTN4,0.49550068,False,0
NTNG1,0.5122424,False,0
NTNG2,0.49591336,False,0
NUP210L,0.48216414,False,0
NWD2,0.51059,False,0
NXN,0.43430817,False,0
NXPE1,0.46795,False,0
NXPH1,0.4816386,False,1
NXPH2,0.46621364,False,0
NYAP2,0.48135927,False,0
OAS1,0.48135927,False,0
OAS3,0.4743829,False,0
OCA2,0.48968604,False,0
OCLN,0.4514953,False,0
OLFM3,0.49372706,False,0
OLFML1,0.48815605,False,0
OLFML2B,0.4721407,False,0
OLR1,0.48036778,False,1
OMD,0.50796235,False,0
OPCML,0.470727,True,0
OPHN1,0.5122316,False,0
OR3A2,0.54282796,True,0
ORAI1,0.4703753,False,0
ORMDL2,0.49156561,False,0
OSMR,0.44543192,False,0
OSMR-AS1,0.49156561,False,0
OTUD1,0.4811368,False,0
OTULIN,0.48135927,False,0
OVCH1-AS1,0.50796235,True,0
OVOL2,0.5283592,True,0
P2RY10,0.48968604,True,0
P4HA1,0.4385731,False,0
P4HA3,0.49372706,False,0
PACRG-AS1,0.5216855,False,0
PAIP2B,0.5107471,False,0
PALD1,0.44078135,False,0
PALLD,0.5274184,False,0
PALMD,0.4384647,False,0
PAM,0.4623773,False,0
PAPLN,0.5014869,False,0
PAPOLG,0.49156561,True,0
PAPPA,0.48103538,False,0
PAPSS2,0.43900734,False,0
PAQR5,0.43558845,False,0
PARD3,0.4613006,False,0
PARD3B,0.46732697,True,0
PARP12,0.45654106,False,0
PARP14,0.45302024,False,0
PARP15,0.46552083,False,0
PARP4,0.44399655,False,0
PARP9,0.46417353,False,0
PARVB,0.44240218,True,0
PARVG,0.49591336,False,0
PAWR,0.43408296,True,0
PAX6,0.532809,False,0
PAX8,0.52043146,False,0
PAX8-AS1,0.5429562,False,0
PBX3,0.44758642,False,0
PBXIP1,0.48968604,False,0
PCA3,0.5309585,False,0
PCAT1,0.45038947,True,0
PCAT19,0.4270322,False,0
PCDH11X,0.4842578,False,1
PCDH11Y,0.49299222,False,0
PCDH15,0.47299892,False,0
PCDH7,0.4654996,False,0
PCDH9-AS3,0.5055685,True,0
PCSK2,0.5015086,False,0
PCSK5,0.45339304,False,0
PCYT1B,0.51564944,False,0
PDE10A,0.44123453,False,0
PDE1A,0.5283592,False,0
PDE1C,0.4966238,False,0
PDE3B,0.44469294,False,0
PDE6D,0.5126746,False,0
PDE7B,0.46966553,False,0
PDE9A,0.48935646,False,0
PDGFB,0.45729834,True,0
PDGFC,0.43363357,True,0
PDGFD,0.48216414,False,0
PDGFRB,0.49591336,True,0
PDHX,0.50613636,False,0
PDIA4,0.5001987,False,0
PDK1,0.426284,False,0
PDK4,0.48819908,False,0
PDLIM1,0.45180863,False,0
PDLIM5,0.4487127,True,0
PDZD2,0.47425115,False,0
PDZRN3,0.46776608,False,0
PEAR1,0.4623194,False,0
PECAM1,0.43862,False,0
PELI1,0.43359807,False,0
PELI2,0.45398188,False,0
PER1,0.44898736,False,0
PERP,0.47305894,False,0
PEX5L-AS2,0.5107471,False,0
PFN1,0.44943762,False,0
PGM5,0.44189274,False,0
PGR,0.45016053,True,0
PHACTR1,0.47006503,False,0
PHACTR2,0.46463415,True,0
PHF19,0.53356045,False,0
PHF21B,0.5102213,False,0
PHKA1,0.47819614,False,0
PHLDB1,0.45234364,False,0
PHLDB2,0.45404735,False,0
PID1,0.48216414,False,0
PIEZO1,0.47409475,False,0
PIGC,0.47945416,True,0
PIK3CD,0.46621364,False,0
PIM1,0.5001987,False,0
PIM3,0.46001586,True,0
PIP4K2A,0.4529497,False,0
PIPOX,0.49591336,False,0
PITPNC1,0.4358931,False,0
PKD1L2,0.48505685,False,0
PKHD1L1,0.48062494,False,0
PKIB,0.48968393,False,0
PKN3,0.4669593,False,0
PLA1A,0.43941343,True,0
PLA2G4A,0.45009643,False,1
PLA2R1,0.4754141,False,0
PLAT,0.47385514,True,0
PLAUR,0.45973304,False,0
PLCB4,0.46771547,False,0
PLCG2,0.46621218,False,0
PLCH1,0.4808548,False,0
PLCL1,0.47680557,False,0
PLCXD3,0.4822352,False,0
PLD1,0.52030927,False,0
PLEKHA7,0.47723413,False,0
PLEKHG1,0.43776166,False,0
PLEKHG2,0.5042425,False,0
PLEKHG3,0.5057494,True,0
PLEKHH2,0.46511325,False,0
PLEKHM1P1,0.48968604,False,0
PLET1,0.5102213,False,0
PLIN2,0.46334013,False,0
PLK3,0.48968604,True,0
PLLP,0.48332414,False,0
PLOD2,0.4506307,False,0
PLP1,0.5057746,False,0
PLPP1,0.46361575,False,0
PLPP3,0.48216414,False,0
PLPPR1,0.4862081,False,0
PLS3,0.4461455,False,0
PLSCR1,0.43119675,False,0
PLSCR4,0.4227213,True,0
PLXDC2,0.47453716,False,0
PLXNA4,0.47692785,False,1
PLXND1,0.49591336,False,0
PMEPA1,0.4919946,True,0
PMP2,0.50309443,True,0
PMP22,0.50206035,False,0
PNP,0.44679296,False,0
PNRC1,0.46893448,True,0
PODN,0.44577557,False,0
PODXL,0.44032297,False,0
POF1B,0.49843284,False,0
PON2,0.44742024,True,1
POSTN,0.50369436,False,0
POU6F2,0.504067,True,0
PPARD,0.44500118,False,0
PPARG,0.51008946,False,1
PPFIBP1,0.45370075,True,0
PPP1CB,0.4370589,False,0
PPP1R15A,0.4708537,False,0
PPP1R1B,0.4991077,False,0
PPP1R1C,0.48505685,False,0
PPP1R3B,0.48749706,False,1
PRAM1,0.47945416,False,0
PRDM1,0.43637156,True,0
PRDM11,0.46679553,False,0
PRDM16,0.4876997,False,0
PRDM5,0.49086344,False,0
PRDX1,0.44108993,False,0
PRELID2,0.44396356,True,0
PREX1,0.4321558,False,0
PREX2,0.4438261,False,0
PRICKLE3,0.47569004,False,0
PRKAG2,0.4604994,False,0
PRKCD,0.49372706,False,0
PRKCH,0.49855402,False,0
PRKG1,0.46621364,False,0
PRKG2,0.4888277,False,0
PRKX,0.49156561,False,0
PRKY,0.47068557,False,0
PROM1,0.43537676,False,0
PROSER2,0.5216855,True,0
PROX1,0.52484906,False,0
PROX1-AS1,0.49569726,False,0
PRR18,0.5167727,False,0
PRR5,0.48216414,False,0
PRR5L,0.43638867,False,0
PRRX1,0.50613636,False,0
PRSS23,0.44134164,False,0
PRTG,0.4338016,False,0
PRX,0.4550131,False,0
PSD2,0.503801,False,0
PSMA1,0.50713795,False,0
PSMB8,0.47945416,True,0
PSMB9,0.47945416,False,0
PSTPIP2,0.48505685,False,0
PTAFR,0.47359133,True,0
PTCHD4,0.48351356,True,0
PTGS2,0.491592,True,1
PTMA,0.43814534,False,0
PTN,0.48505685,False,0
PTP4A3,0.4959102,False,0
PTPN14,0.46099773,True,0
PTPN7,0.5055685,False,0
PTPRB,0.45119643,True,0
PTPRC,0.5014869,False,0
PTPRE,0.4551439,True,0
PTPRG,0.48578075,False,0
PTPRO,0.4720832,True,0
PTPRT,0.47796798,False,0
PXDC1,0.4667596,True,0
PXDN,0.48135927,False,0
PXDNL,0.47516248,False,0
PXK,0.47945416,False,0
PXN,0.44003722,False,0
PXT1,0.46283975,False,0
PYGL,0.50713795,False,0
PZP,0.5055685,False,0
RAB11B-AS1,0.48505685,False,0
RAB20,0.5107471,False,0
RAB27A,0.44449207,False,0
RAB31,0.46748012,False,0
RAB3C,0.46621364,False,0
RAB3IP,0.5223986,False,0
RAB9A,0.5269786,False,0
RAD51B,0.451186,True,0
RAI14,0.4300402,False,0
RALYL,0.46621364,False,0
RAMP2,0.446674,False,0
RAMP3,0.4789413,False,0
RAP2C-AS1,0.48968604,False,0
RAPGEF1,0.44131717,False,0
RARB,0.48462784,False,0
RARRES1,0.48216414,False,0
RASAL1,0.4740025,False,0
RASGEF1B,0.50206035,False,0
RASGRP3,0.45475054,False,0
RASIP1,0.4415724,False,0
RASSF1,0.45586511,False,0
RASSF2,0.49574432,False,0
RASSF3,0.4595993,False,0
RASSF8,0.43057707,False,0
RBFOX3,0.4923562,False,0
RBM20,0.47228876,False,0
RBM47,0.48219153,False,0
RBMS1,0.42786694,False,0
RBMS2,0.4368834,False,0
RBMS3,0.46686396,False,0
RBMS3-AS3,0.44778377,False,0
RBP1,0.48750404,True,0
RBP7,0.48325682,True,0
RBPMS,0.45546758,False,0
RCAN3AS,0.50206035,False,0
RCBTB2,0.4855967,False,0
RCN3,0.48216414,False,0
RCSD1,0.44571748,True,0
RDH10,0.50135857,False,0
RDH10-AS1,0.5100398,True,0
REL,0.45226648,False,0
RELB,0.4675904,False,0
RELL1,0.4249867,False,0
RELN,0.46621364,False,1
RERG,0.5072091,False,0
REST,0.49237123,False,0
RFFL,0.508582,False,0
RFTN2,0.49107245,False,0
RGCC,0.4534346,False,0
RGS12,0.50613636,False,0
RGS2,0.46694896,False,0
RGS20,0.5357212,True,0
RGS22,0.50713795,False,0
RGS3,0.45252442,False,0
RGS5,0.4944222,False,0
RGS6,0.46621364,False,0
RHBDF2,0.5014869,False,0
RHOBTB1,0.44118106,False,0
RHOC,0.44437748,False,0
RHOG,0.5283592,False,0
RHOJ,0.4319377,False,0
RHOU,0.5212649,False,0
RILPL2,0.49004987,False,0
RIMKLB,0.45885035,False,0
RIN2,0.46453655,False,0
RIPK2,0.47294843,False,0
RMST,0.47779262,False,0
RNASE1,0.4851996,False,0
RND3,0.46889228,False,0
RNF122,0.463248,False,0
RNF144B,0.48278326,False,0
RNF182,0.5014869,False,0
RNF19A,0.44152716,True,0
RNF220,0.44749936,True,0
ROBO1,0.49573973,False,0
ROBO2,0.46621364,False,0
ROBO3,0.47945416,False,0
ROBO4,0.44233918,False,0
ROR1,0.49016345,False,0
ROR2,0.5102213,False,0
RORB,0.49843284,False,0
RPGR,0.44385695,True,0
RPL18A,0.47327316,True,0
RPL19,0.43901438,False,0
RPL23,0.51888794,False,0
RPL23A,0.5107471,False,0
RPL29,0.46132877,False,0
RPL35A,0.4704697,False,0
RPL41,0.46028015,False,0
RPL8,0.45401508,False,0
RPLP0,0.52870667,False,0
RPLP1,0.5135046,True,0
RPS10P7,0.48135924,True,0
RPS12,0.46467873,False,0
RPS13,0.49843284,False,0
RPS16,0.4758669,False,0
RPS2,0.4631384,False,0
RPS20,0.47161663,False,0
RPS21,0.4741998,False,0
RPS23,0.50180006,False,0
RPS27,0.4609577,False,0
RPS27L,0.48505685,False,0
RPS3A,0.49009857,True,0
RPS4X,0.48646295,False,0
RPS5,0.4611445,False,0
RPS7,0.44752318,False,0
RRAS,0.52388084,False,0
RREB1,0.43608394,False,0
RSPO2,0.47370565,False,0
RTTN,0.49270928,False,0
RUNDC3B,0.4697078,False,0
RUNX1,0.48787907,False,1
RUNX2,0.532809,False,0
RUNX3,0.50713795,True,0
RYBP,0.42724422,False,0
RYR1,0.46472013,True,0
RYR2,0.46621364,False,0
RYR3,0.4464008,False,0
S100A10,0.46424842,False,0
S100A11,0.45503637,False,0
S100A16,0.4848903,True,0
S1PR1,0.42979434,True,0
SALL1,0.53356045,False,0
SALL3,0.4565474,False,0
SAMD11,0.5102213,True,0
SAMD12-AS1,0.4962307,False,0
SAMD13,0.47945416,True,0
SAMD4A,0.4419691,True,0
SAMD5,0.48320627,False,0
SAT1,0.50206035,False,0
SATB1-AS1,0.49591336,False,0
SAV1,0.47458342,True,0
SBNO2,0.43030012,False,0
SCARA3,0.49591336,False,0
SCARB1,0.46516868,False,0
SCARF1,0.44366243,True,0
SCG2,0.48968604,True,0
SCHLAP1,0.46621364,False,0
SCML1,0.4778259,False,0
SCML4,0.46621364,False,0
SDC2,0.5262379,False,1
SDC3,0.48135924,False,0
SDC4,0.47945416,False,0
SDCBP,0.42545173,False,0
SDK1,0.4571258,False,0
SDK2,0.5102213,False,0
SEC14L1,0.43951586,False,0
SEC24D,0.448307,False,0
SELE,0.49426147,False,0
SELENBP1,0.5106258,False,0
SEMA3A,0.4815701,False,0
SEMA3B,0.48468328,False,0
SEMA3E,0.50873727,False,0
SEMA3F,0.43461123,False,0
SEMA4C,0.45903048,False,0
SEMA4D,0.4991077,False,0
SEMA6A,0.44576445,True,0
SEMA6A-AS1,0.50796235,False,0
SEMA6D,0.5013261,False,0
SERF2,0.4493402,False,0
SERPINB1,0.46833152,False,0
SERPINB9,0.5072091,True,0
SERPINE1,0.457045,False,0
SERPINE2,0.46438444,False,0
SERPINH1,0.4185656,False,0
SERTAD1,0.45817223,False,0
SEZ6L,0.46621364,False,0
SFMBT2,0.4509577,False,0
SFRP1,0.4763884,False,0
SFT2D2,0.46574152,False,0
SFXN5,0.49156561,False,0
SGCD,0.47696808,False,0
SGCZ,0.45739746,False,0
SGK1,0.4993441,True,0
SGK2,0.5424966,False,0
SGK3,0.5069973,False,0
SGO2,0.48505685,False,0
SGPP2,0.45335868,True,0
SH2B3,0.46180102,False,0
SH3BP2,0.4872097,False,0
SH3BP4,0.4457162,True,0
SH3GL2,0.4638982,False,0
SH3RF1,0.4833523,False,0
SH3RF3,0.46290186,False,0
SH3TC1,0.46998587,False,0
SHC4,0.5055685,False,0
SHE,0.4812442,False,0
SHISA6,0.46621364,True,0
SHROOM2,0.43822438,False,0
SHROOM4,0.4257678,False,0
SIGLEC1,0.5014869,False,0
SIPA1L2,0.48468328,False,0
SKAP2,0.4600706,True,0
SLAIN1,0.517398,False,0
SLC12A2,0.43263036,False,0
SLC12A4,0.5107471,False,0
SLC12A7,0.47048864,False,0
SLC14A1,0.5381868,False,0
SLC16A1,0.44716313,False,0
SLC16A10,0.49372703,True,0
SLC16A3,0.43613717,False,0
SLC16A6,0.45940283,True,0
SLC19A3,0.43104973,False,0
SLC1A3,0.5107471,True,0
SLC22A25,0.5283592,False,0
SLC25A13,0.5311451,False,0
SLC25A37,0.45182467,False,0
SLC26A2,0.4825966,False,0
SLC26A5,0.5072091,False,0
SLC2A1,0.44227704,False,0
SLC2A3,0.46575877,False,0
SLC2A5,0.46621364,False,0
SLC2A9,0.5274184,False,1
SLC30A1,0.4391527,False,0
SLC30A10,0.5175491,True,0
SLC35F1,0.46621364,False,0
SLC35F4,0.47945416,False,0
SLC38A1,0.4599931,False,0
SLC38A2,0.44184667,False,0
SLC38A3,0.53690857,True,0
SLC38A4,0.47945416,True,0
SLC38A5,0.5173537,False,0
SLC39A10,0.4414885,False,0
SLC39A12,0.46838194,False,0
SLC39A8,0.44011408,False,0
SLC40A1,0.49440008,False,0
SLC44A1,0.49503294,False,0
SLC44A5,0.46621364,False,0
SLC45A3,0.52043146,False,0
SLC4A2,0.47626495,False,0
SLC4A4,0.4732464,False,0
SLC4A7,0.44085935,False,0
SLC5A11,0.5428276,False,0
SLC5A6,0.50713795,False,0
SLC6A1,0.46621364,False,0
SLC6A11,0.49910772,False,0
SLC6A20,0.54367584,False,0
SLC6A6,0.4587919,False,0
SLC7A1,0.45016772,False,0
SLC7A10,0.53054005,False,0
SLC7A11,0.43301067,True,0
SLC7A14,0.48049948,True,0
SLC7A2,0.4659167,True,0
SLC7A5,0.46781737,False,0
SLC8A1,0.47627017,False,0
SLC9A2,0.4895537,False,0
SLC9A3R1,0.5311451,False,0
SLC9A3R2,0.48152065,False,0
SLC9A9,0.47845963,False,0
SLC9C1,0.5055685,False,0
SLCO1A2,0.44842508,False,0
SLCO2B1,0.49329633,False,0
SLCO4A1,0.4295407,False,0
SLFN12,0.49156561,False,0
SLFN12L,0.5404372,False,0
SLIT2,0.48628798,False,0
SLIT3,0.49533287,False,0
SMAD3,0.45351213,True,0
SMAD6,0.44376132,False,0
SMAD7,0.44818324,False,0
SMAD9,0.4622412,False,0
SMAP2,0.49372703,True,0
SMCO4,0.45073906,False,0
SMG1P3,0.45889217,False,0
SMIM3,0.4555892,False,0
SMIM4,0.4740025,True,0
SMOX,0.44879135,False,0
SMTN,0.5311451,True,0
SNAP25-AS1,0.5122316,False,0
SNCAIP,0.47503558,False,0
SNED1,0.45580712,False,0
SNHG8,0.4738688,False,0
SNTB1,0.5262379,False,0
SNTG1,0.46621364,False,1
SNTG2,0.56329745,False,0
SOAT1,0.45439214,False,1
SOCS3,0.44990036,False,0
SOCS6,0.48135924,False,0
SORBS1,0.46051285,False,0
SORBS2,0.45858338,False,0
SORBS3,0.47506648,False,0
SORCS1,0.52741843,False,1
SORL1,0.46621364,True,1
SOX10,0.49591336,True,0
SOX13,0.51500106,False,0
SOX18,0.45464817,True,0
SOX21-AS1,0.50613636,True,0
SOX5,0.46932247,True,0
SOX6,0.48505685,False,0
SOX7,0.42896274,False,0
SOX8,0.47448444,True,0
SOX9,0.48968604,False,0
SP100,0.44360524,True,0
SP110,0.4296057,False,0
SP140L,0.48135924,True,0
SPARC,0.43304527,False,0
SPATA1,0.48968604,True,0
SPC25,0.46145535,False,0
SPHK1,0.50713795,True,0
SPHKAP,0.46621364,False,0
SPI1,0.5102213,False,0
SPINT2,0.48505685,False,0
SPNS3,0.46621364,False,0
SPRY4,0.48216414,False,0
SPSB1,0.43569255,False,0
SPTLC3,0.48505685,False,0
SRGAP1,0.51078194,False,0
SRGAP2,0.43851075,False,0
SRGAP2-AS1,0.48438334,False,0
SRGAP2B,0.43134964,False,0
SRGAP2C,0.43766597,False,0
SRGN,0.43590727,False,0
SRPX,0.50460833,False,0
SRPX2,0.47945416,False,0
ST18,0.46621364,False,0
ST3GAL6-AS1,0.48968604,False,0
ST6GAL1,0.45854956,False,0
ST6GALNAC1,0.45668846,False,0
ST6GALNAC3,0.47945416,False,0
ST6GALNAC5,0.46621364,True,0
ST8SIA4,0.43517116,False,0
ST8SIA6,0.45168486,False,0
ST8SIA6-AS1,0.505001,False,0
STARD13-AS,0.46121407,False,0
STARD8,0.4408113,False,0
STAT5A,0.48505685,False,0
STAT6,0.5130008,False,0
STEAP1B,0.47753063,False,0
STK10,0.43890727,False,0
STK32A,0.46621364,True,0
STK33,0.48706934,True,0
STOM,0.43380854,False,0
STX11,0.47717687,False,0
STX17-AS1,0.49372703,False,0
STX4,0.50733596,False,0
STXBP5-AS1,0.48079324,False,0
STXBP6,0.43829435,False,0
SUCLG2,0.43678206,True,0
SULF1,0.48313048,False,0
SULF2,0.44853038,False,0
SULT1C2,0.55258834,True,0
SULT1C4,0.47594255,False,0
SUSD6,0.4547804,True,0
SV2B,0.47400254,False,0
SVIL,0.4353648,False,0
SWAP70,0.44283995,False,0
SYK,0.51466715,False,0
SYN3,0.48216414,False,0
SYNDIG1,0.54043734,True,0
SYNE2,0.4636114,False,0
SYNJ2,0.46209893,False,0
SYNPO2,0.50713795,False,0
SYNPR,0.48625904,False,0
SYT1,0.46200332,True,0
SYT6,0.47064638,False,0
SYTL4,0.4383307,False,0
TAC1,0.5135046,False,0
TACC1,0.4551783,False,0
TAGAP,0.46621364,False,0
TAGLN2,0.43714648,True,0
TAL1,0.47834727,False,0
TANC1,0.44373658,False,0
TAP1,0.469221,False,0
TARID,0.49799767,False,0
TBC1D12,0.5072091,True,0
TBC1D2,0.45064843,True,0
TBC1D4,0.4862357,False,0
TBL1X,0.47149307,False,0
TBX2,0.50613636,False,0
TBX3,0.4427711,False,1
TBXAS1,0.4738616,False,0
TC2N,0.4680051,False,0
TCEAL3,0.5509359,False,0
TCF4-AS1,0.46782827,False,0
TCF7L1,0.45844927,False,0
TCF7L2,0.45554033,True,0
TCN2,0.456541,True,0
TEAD3,0.47603688,False,0
TEAD4,0.4408304,False,0
TEC,0.47125268,False,0
TEK,0.45554236,False,0
TENM1,0.47392967,False,0
TENM2,0.47082567,False,0
TENM3,0.46713632,True,0
TENM4,0.46621364,False,0
TES,0.49327034,False,0
TESC,0.48216414,False,0
TEX14,0.48869285,False,0
TEX21P,0.5135046,False,0
TFEB,0.50796235,False,0
TFPI,0.46191126,False,0
TFRC,0.46729812,False,0
TGFB1,0.47945416,False,1
TGFB2,0.4972846,False,0
TGFBR1,0.51485074,False,0
TGFBR2,0.4339758,False,0
TGFBR3,0.44607347,False,0
TGM2,0.46627623,False,0
THEMIS,0.53356045,False,0
THSD4,0.4882129,False,0
THSD4-AS1,0.50656897,True,0
THSD7A,0.4805612,False,0
THSD7B,0.5102213,False,0
TIE1,0.44913554,False,0
TIMP1,0.5328524,False,0
TIMP3,0.4523399,False,0
TINAGL1,0.43464568,False,0
TIPARP,0.4683552,False,0
TLE1,0.44686282,False,0
TLE3,0.44212565,True,0
TLL1,0.48014036,False,0
TLN1,0.4611384,True,0
TLR3,0.47945416,False,0
TM4SF1,0.43075544,False,0
TM4SF18,0.42835742,True,0
TM6SF1,0.44886225,False,0
TMBIM1,0.48216414,False,0
TMCC2,0.5102213,False,0
TMCC3,0.44401136,True,0
TMEM106A,0.48505685,False,0
TMEM119,0.50613636,False,0
TMEM123,0.44366243,False,0
TMEM125,0.5055685,True,0
TMEM132C,0.4440997,False,0
TMEM132D,0.45942044,True,0
TMEM140,0.5326362,False,0
TMEM144,0.47945416,False,0
TMEM151A,0.50713795,False,0
TMEM154,0.55258834,True,0
TMEM156,0.49179405,False,0
TMEM163,0.49315473,True,0
TMEM165,0.4330416,False,0
TMEM171,0.5122316,False,0
TMEM204,0.4846126,True,0
TMEM241,0.5072091,False,0
TMEM255B,0.4864444,False,0
TMEM45B,0.48135924,False,0
TMEM51,0.44638023,False,0
TMEM63A,0.47945416,False,0
TMEM87B,0.45746014,False,0
TMSB10,0.44193473,False,0
TMSB4X,0.44867447,False,0
TMTC1,0.4614187,False,0
TMTC2,0.4549336,False,0
TMTC4,0.4692694,False,0
TNC,0.47086617,False,0
TNFAIP3,0.44537777,False,0
TNFAIP8,0.43396398,False,0
TNFRSF10B,0.4404988,False,0
TNFRSF10D,0.49706098,True,0
TNFRSF11A,0.49156561,False,0
TNFRSF1A,0.44483003,False,0
TNFRSF1B,0.4544802,False,0
TNFSF10,0.44448715,True,0
TNIP2,0.51485074,True,0
TNR,0.48898247,False,0
TNS1,0.44495124,False,0
TNS2,0.4501727,False,0
TOB1,0.4926354,True,0
TOX,0.45107862,False,0
TOX2,0.46870872,False,0
TOX3,0.46621364,False,0
TP53,0.48505685,False,1
TP53INP1,0.51859224,True,0
TP53TG5,0.47945416,False,0
TP63,0.49776164,False,1
TPD52L1,0.45628053,False,0
TPM1,0.44164768,False,0
TPM2,0.5122316,False,0
TPPP3,0.5102213,False,0
TPT1,0.45690507,False,0
TPTE2P6,0.48216414,False,0
TRAF1,0.5449689,False,0
TRAF4,0.5055685,False,0
TRHDE,0.49364215,False,0
TRIB1,0.43744516,False,0
TRIB2,0.43840554,False,0
TRIM22,0.5357212,True,0
TRIM38,0.5072091,False,0
TRIM5,0.44542342,True,0
TRIM56,0.44847253,True,0
TRIM59,0.53054,False,0
TRIM62,0.4861943,False,0
TRIOBP,0.43490976,True,0
TRIP10,0.47857028,True,0
TRIP6,0.5077361,False,0
TRMT10A,0.52043146,False,0
TRPC4,0.47537354,False,0
TRPC6,0.5055685,True,0
TRPM1,0.48216414,False,0
TRPM3,0.50613636,True,0
TRPS1,0.46090516,False,0
TSC22D3,0.4305521,False,0
TSHZ2,0.46731287,False,0
TSPAN14,0.44175214,False,0
TSPO,0.48776662,False,0
TTC23,0.49851674,False,0
TTC7A,0.45318386,False,0
TTN,0.46842432,False,0
TUBA1A,0.49843284,False,0
TUBA1C,0.48216414,False,0
TUBB6,0.43416893,True,0
TWIST1,0.52870667,True,0
TXNIP,0.4646444,True,0
TYMSOS,0.47400248,True,0
UACA,0.46070394,False,0
UBA52,0.4876894,False,0
UBA7,0.50525814,False,0
UBASH3B,0.44401842,False,0
UBC,0.42940295,False,0
UBL5,0.4863388,True,0
UEVLD,0.49156561,False,0
UNC13C,0.46621364,False,0
UNC5D,0.48448378,False,0
URM1,0.47945416,False,0
USP12-AS1,0.49372703,False,0
USP13,0.5100398,True,0
USP53,0.43367404,False,0
USP6NL,0.43998453,False,0
USPL1,0.4873708,False,0
UST,0.52288926,True,0
UTP14A,0.4705425,False,0
UTRN,0.5103912,True,0
UTY,0.4817911,True,0
VAMP5,0.45152146,True,0
VAMP8,0.47945416,False,0
VASH1,0.4668269,False,0
VASP,0.44962183,False,0
VCAM1,0.4541883,False,0
VCAN,0.46320432,False,0
VCL,0.4276282,True,0
VEGFA,0.4913942,False,1
VEGFC,0.4507515,False,0
VGF,0.50755835,True,0
VIM,0.44828263,True,0
VIP,0.48505685,True,0
VIPR2,0.4701703,True,0
VIT,0.49156561,True,0
VRK2,0.43525052,False,0
VWA1,0.49843284,False,0
VWA2,0.4298625,False,0
VWA3B,0.5424966,True,0
VWC2,0.4720324,False,0
VWC2L,0.47945416,False,0
WARS2,0.48505685,False,0
WDR49,0.48280862,True,0
WDR86,0.52288926,False,0
WEE1,0.4873708,False,0
WHRN,0.48782808,False,0
WIF1,0.49910772,False,0
WIPF1,0.44736364,False,0
WIPI1,0.44924074,True,0
WLS,0.45435885,False,0
WNT2B,0.45720002,False,0
WNT5B,0.49910772,False,0
WSCD1,0.47887772,False,0
WWC1,0.49843284,False,1
WWTR1,0.45890617,False,0
XAF1,0.43642083,False,0
XKR4,0.4775081,True,0
XRCC4,0.48216414,False,0
XYLT1,0.49537042,False,0
YAP1,0.45144475,False,0
YBX3,0.4358656,False,0
YES1,0.44412604,True,0
YOD1,0.48505685,False,0
ZBBX,0.4728655,False,0
ZBTB20-AS1,0.52043146,False,0
ZBTB20-AS4,0.49843284,True,0
ZBTB7B,0.49591336,False,0
ZBTB7C,0.49156561,True,0
ZC3HAV1,0.43370575,False,0
ZCCHC24,0.49371395,False,0
ZCWPW1,0.53054,False,1
ZDHHC20,0.4795155,False,0
ZDHHC9,0.49156561,False,0
ZEB1,0.45558694,True,0
ZEB1-AS1,0.5223978,False,0
ZEB2-AS1,0.5122316,False,0
ZFAND4,0.48135924,False,0
ZFAND6,0.44440964,False,0
ZFHX3,0.43796247,False,0
ZFHX4-AS1,0.4802461,False,0
ZFP36,0.43764424,True,0
ZFP36L1,0.42476636,False,0
ZFP36L2,0.46886176,False,0
ZFPM2,0.46889955,True,0
ZFPM2-AS1,0.502741,False,0
ZFY,0.48355103,False,0
ZHX2,0.44747663,False,0
ZIC1,0.46359912,True,0
ZIC2,0.48305547,False,0
ZIC4,0.5014869,False,0
ZIC5,0.515721,False,0
ZMAT4,0.47972614,False,0
ZNF208,0.5167727,False,0
ZNF213,0.49372703,False,0
ZNF217,0.45844093,True,0
ZNF274,0.4736688,True,0
ZNF281,0.4998007,False,0
ZNF300P1,0.49591336,False,0
ZNF366,0.44569916,True,0
ZNF385B,0.4519329,True,0
ZNF385D,0.515826,False,0
ZNF423,0.45496154,True,0
ZNF462,0.48265803,False,0
ZNF521,0.46798766,False,0
ZNF600,0.5167727,False,0
ZNF618,0.49867114,False,0
ZNF663P,0.5429562,False,0
ZNF710,0.4595233,False,0
ZNF75D,0.45519882,False,0
ZNF804A,0.5107471,True,0
ZNRF2,0.5056545,True,0
ZNRF3,0.45831734,False,0
ZSCAN31,0.5222055,False,0
